date,game_pk,away_score,away_team,home_team,home_score,win_team,lose_team,win_score,lose_score
2026-03-25,823244,7,New York Yankees,San Francisco Giants,0,New York Yankees,San Francisco Giants,7,0
2026-03-26,823649,7,Pittsburgh Pirates,New York Mets,11,New York Mets,Pittsburgh Pirates,11,7
2026-03-26,823812,2,Chicago White Sox,Milwaukee Brewers,14,Milwaukee Brewers,Chicago White Sox,14,2
2026-03-26,824704,10,Washington Nationals,Chicago Cubs,4,Washington Nationals,Chicago Cubs,10,4
2026-03-26,824865,1,Minnesota Twins,Baltimore Orioles,2,Baltimore Orioles,Minnesota Twins,2,1
2026-03-26,824541,3,Boston Red Sox,Cincinnati Reds,0,Boston Red Sox,Cincinnati Reds,3,0
2026-03-26,824218,3,Los Angeles Angels,Houston Astros,0,Los Angeles Angels,Houston Astros,3,0
2026-03-26,823325,8,Detroit Tigers,San Diego Padres,2,Detroit Tigers,San Diego Padres,8,2
2026-03-26,823081,7,Tampa Bay Rays,St. Louis Cardinals,9,St. Louis Cardinals,Tampa Bay Rays,9,7
2026-03-26,823486,3,Texas Rangers,Philadelphia Phillies,5,Philadelphia Phillies,Texas Rangers,5,3
2026-03-26,823974,2,Arizona Diamondbacks,Los Angeles Dodgers,8,Los Angeles Dodgers,Arizona Diamondbacks,8,2
2026-03-26,823163,6,Cleveland Guardians,Seattle Mariners,4,Cleveland Guardians,Seattle Mariners,6,4
2026-03-27,823243,3,New York Yankees,San Francisco Giants,0,New York Yankees,San Francisco Giants,3,0
2026-03-27,822839,2,Athletics,Toronto Blue Jays,3,Toronto Blue Jays,Athletics,3,2
2026-03-27,823893,1,Colorado Rockies,Miami Marlins,2,Miami Marlins,Colorado Rockies,2,1
2026-03-27,824946,0,Kansas City Royals,Atlanta Braves,6,Atlanta Braves,Kansas City Royals,6,0
2026-03-27,824216,6,Los Angeles Angels,Houston Astros,2,Los Angeles Angels,Houston Astros,6,2
2026-03-27,823324,5,Detroit Tigers,San Diego Padres,2,Detroit Tigers,San Diego Padres,5,2
2026-03-27,823162,1,Cleveland Guardians,Seattle Mariners,5,Seattle Mariners,Cleveland Guardians,5,1
2026-03-27,823971,4,Arizona Diamondbacks,Los Angeles Dodgers,5,Los Angeles Dodgers,Arizona Diamondbacks,5,4
2026-03-28,823082,5,Tampa Bay Rays,St. Louis Cardinals,6,St. Louis Cardinals,Tampa Bay Rays,6,5
2026-03-28,824701,2,Washington Nationals,Chicago Cubs,10,Chicago Cubs,Washington Nationals,10,2
2026-03-28,822838,7,Athletics,Toronto Blue Jays,8,Toronto Blue Jays,Athletics,8,7
2026-03-28,824862,4,Minnesota Twins,Baltimore Orioles,1,Minnesota Twins,Baltimore Orioles,4,1
2026-03-28,823488,5,Texas Rangers,Philadelphia Phillies,4,Texas Rangers,Philadelphia Phillies,5,4
2026-03-28,824540,5,Boston Red Sox,Cincinnati Reds,6,Cincinnati Reds,Boston Red Sox,6,5
2026-03-28,823651,2,Pittsburgh Pirates,New York Mets,4,New York Mets,Pittsburgh Pirates,4,2
2026-03-28,823892,3,Colorado Rockies,Miami Marlins,4,Miami Marlins,Colorado Rockies,4,3
2026-03-28,824213,9,Los Angeles Angels,Houston Astros,11,Houston Astros,Los Angeles Angels,11,9
2026-03-28,823811,1,Chicago White Sox,Milwaukee Brewers,6,Milwaukee Brewers,Chicago White Sox,6,1
2026-03-28,824945,2,Kansas City Royals,Atlanta Braves,6,Atlanta Braves,Kansas City Royals,6,2
2026-03-28,823241,3,New York Yankees,San Francisco Giants,1,New York Yankees,San Francisco Giants,3,1
2026-03-28,823323,0,Detroit Tigers,San Diego Padres,3,San Diego Padres,Detroit Tigers,3,0
2026-03-28,823973,2,Arizona Diamondbacks,Los Angeles Dodgers,3,Los Angeles Dodgers,Arizona Diamondbacks,3,2
2026-03-28,823161,6,Cleveland Guardians,Seattle Mariners,5,Cleveland Guardians,Seattle Mariners,6,5
2026-03-29,824864,6,Minnesota Twins,Baltimore Orioles,8,Baltimore Orioles,Minnesota Twins,8,6
2026-03-29,823487,8,Texas Rangers,Philadelphia Phillies,3,Texas Rangers,Philadelphia Phillies,8,3
2026-03-29,824944,4,Kansas City Royals,Atlanta Braves,1,Kansas City Royals,Atlanta Braves,4,1
2026-03-29,822837,2,Athletics,Toronto Blue Jays,5,Toronto Blue Jays,Athletics,5,2
2026-03-29,824538,2,Boston Red Sox,Cincinnati Reds,3,Cincinnati Reds,Boston Red Sox,3,2
2026-03-29,823647,4,Pittsburgh Pirates,New York Mets,3,Pittsburgh Pirates,New York Mets,4,3
2026-03-29,823891,3,Colorado Rockies,Miami Marlins,4,Miami Marlins,Colorado Rockies,4,3
2026-03-29,824215,7,Los Angeles Angels,Houston Astros,9,Houston Astros,Los Angeles Angels,9,7
2026-03-29,823810,7,Chicago White Sox,Milwaukee Brewers,9,Milwaukee Brewers,Chicago White Sox,9,7
2026-03-29,823079,11,Tampa Bay Rays,St. Louis Cardinals,7,Tampa Bay Rays,St. Louis Cardinals,11,7
2026-03-29,824700,6,Washington Nationals,Chicago Cubs,3,Washington Nationals,Chicago Cubs,6,3
2026-03-29,823160,0,Cleveland Guardians,Seattle Mariners,8,Seattle Mariners,Cleveland Guardians,8,0
2026-03-30,824135,1,Minnesota Twins,Kansas City Royals,3,Kansas City Royals,Minnesota Twins,3,1
2026-03-30,824863,5,Texas Rangers,Baltimore Orioles,2,Texas Rangers,Baltimore Orioles,5,2
2026-03-30,824539,0,Pittsburgh Pirates,Cincinnati Reds,2,Cincinnati Reds,Pittsburgh Pirates,2,0
2026-03-30,823484,13,Washington Nationals,Philadelphia Phillies,2,Washington Nationals,Philadelphia Phillies,13,2
2026-03-30,823890,9,Chicago White Sox,Miami Marlins,4,Chicago White Sox,Miami Marlins,9,4
2026-03-30,822834,14,Colorado Rockies,Toronto Blue Jays,5,Colorado Rockies,Toronto Blue Jays,14,5
2026-03-30,824943,0,Athletics,Atlanta Braves,4,Atlanta Braves,Athletics,4,0
2026-03-30,824702,2,Los Angeles Angels,Chicago Cubs,7,Chicago Cubs,Los Angeles Angels,7,2
2026-03-30,823809,3,Tampa Bay Rays,Milwaukee Brewers,2,Tampa Bay Rays,Milwaukee Brewers,3,2
2026-03-30,823080,4,New York Mets,St. Louis Cardinals,2,New York Mets,St. Louis Cardinals,4,2
2026-03-30,824214,1,Boston Red Sox,Houston Astros,8,Houston Astros,Boston Red Sox,8,1
2026-03-30,823320,3,San Francisco Giants,San Diego Padres,2,San Francisco Giants,San Diego Padres,3,2
2026-03-30,823159,1,New York Yankees,Seattle Mariners,2,Seattle Mariners,New York Yankees,2,1
2026-03-30,825108,6,Detroit Tigers,Arizona Diamondbacks,9,Arizona Diamondbacks,Detroit Tigers,9,6
2026-03-30,823972,4,Cleveland Guardians,Los Angeles Dodgers,2,Cleveland Guardians,Los Angeles Dodgers,4,2
2026-03-31,824861,8,Texas Rangers,Baltimore Orioles,5,Texas Rangers,Baltimore Orioles,8,5
2026-03-31,824537,8,Pittsburgh Pirates,Cincinnati Reds,3,Pittsburgh Pirates,Cincinnati Reds,8,3
2026-03-31,823485,2,Washington Nationals,Philadelphia Phillies,3,Philadelphia Phillies,Washington Nationals,3,2
2026-03-31,823888,2,Chicago White Sox,Miami Marlins,9,Miami Marlins,Chicago White Sox,9,2
2026-03-31,822836,1,Colorado Rockies,Toronto Blue Jays,5,Toronto Blue Jays,Colorado Rockies,5,1
2026-03-31,824942,5,Athletics,Atlanta Braves,2,Athletics,Atlanta Braves,5,2
2026-03-31,824699,2,Los Angeles Angels,Chicago Cubs,0,Los Angeles Angels,Chicago Cubs,2,0
2026-03-31,823807,2,Tampa Bay Rays,Milwaukee Brewers,6,Milwaukee Brewers,Tampa Bay Rays,6,2
2026-03-31,823077,0,New York Mets,St. Louis Cardinals,3,St. Louis Cardinals,New York Mets,3,0
2026-03-31,824212,2,Boston Red Sox,Houston Astros,9,Houston Astros,Boston Red Sox,9,2
2026-03-31,825107,5,Detroit Tigers,Arizona Diamondbacks,7,Arizona Diamondbacks,Detroit Tigers,7,5
2026-03-31,823322,9,San Francisco Giants,San Diego Padres,3,San Francisco Giants,San Diego Padres,9,3
2026-03-31,823158,5,New York Yankees,Seattle Mariners,0,New York Yankees,Seattle Mariners,5,0
2026-03-31,823969,1,Cleveland Guardians,Los Angeles Dodgers,4,Los Angeles Dodgers,Cleveland Guardians,4,1
2026-04-01,824940,1,Athletics,Atlanta Braves,5,Atlanta Braves,Athletics,5,1
2026-04-01,824860,3,Texas Rangers,Baltimore Orioles,8,Baltimore Orioles,Texas Rangers,8,3
2026-04-01,824536,8,Pittsburgh Pirates,Cincinnati Reds,3,Pittsburgh Pirates,Cincinnati Reds,8,3
2026-04-01,823483,5,Washington Nationals,Philadelphia Phillies,6,Philadelphia Phillies,Washington Nationals,6,5
2026-04-01,822835,2,Colorado Rockies,Toronto Blue Jays,1,Colorado Rockies,Toronto Blue Jays,2,1
2026-04-01,823889,0,Chicago White Sox,Miami Marlins,10,Miami Marlins,Chicago White Sox,10,0
2026-04-01,823078,1,New York Mets,St. Louis Cardinals,2,St. Louis Cardinals,New York Mets,2,1
2026-04-01,823806,2,Tampa Bay Rays,Milwaukee Brewers,8,Milwaukee Brewers,Tampa Bay Rays,8,2
2026-04-01,824211,4,Boston Red Sox,Houston Astros,6,Houston Astros,Boston Red Sox,6,4
2026-04-01,824698,2,Los Angeles Angels,Chicago Cubs,6,Chicago Cubs,Los Angeles Angels,6,2
2026-04-01,825106,0,Detroit Tigers,Arizona Diamondbacks,1,Arizona Diamondbacks,Detroit Tigers,1,0
2026-04-01,823321,1,San Francisco Giants,San Diego Padres,7,San Diego Padres,San Francisco Giants,7,1
2026-04-01,823157,5,New York Yankees,Seattle Mariners,3,New York Yankees,Seattle Mariners,5,3
2026-04-01,824136,9,Minnesota Twins,Kansas City Royals,13,Kansas City Royals,Minnesota Twins,13,9
2026-04-01,823970,4,Cleveland Guardians,Los Angeles Dodgers,1,Cleveland Guardians,Los Angeles Dodgers,4,1
2026-04-02,824133,5,Minnesota Twins,Kansas City Royals,1,Minnesota Twins,Kansas City Royals,5,1
2026-04-02,825105,17,Atlanta Braves,Arizona Diamondbacks,2,Atlanta Braves,Arizona Diamondbacks,17,2
2026-04-02,823242,2,New York Mets,San Francisco Giants,7,San Francisco Giants,New York Mets,7,2
2026-04-03,822758,13,Los Angeles Dodgers,Washington Nationals,6,Los Angeles Dodgers,Washington Nationals,13,6
2026-04-03,824299,0,St. Louis Cardinals,Detroit Tigers,4,Detroit Tigers,St. Louis Cardinals,4,0
2026-04-03,823568,2,Miami Marlins,New York Yankees,8,New York Yankees,Miami Marlins,8,2
2026-04-03,824786,2,San Diego Padres,Boston Red Sox,5,Boston Red Sox,San Diego Padres,5,2
2026-04-03,824621,4,Toronto Blue Jays,Chicago White Sox,5,Chicago White Sox,Toronto Blue Jays,5,4
2026-04-03,822919,5,Cincinnati Reds,Texas Rangers,3,Cincinnati Reds,Texas Rangers,5,3
2026-04-03,824458,1,Chicago Cubs,Cleveland Guardians,4,Cleveland Guardians,Chicago Cubs,4,1
2026-04-03,823732,4,Tampa Bay Rays,Minnesota Twins,10,Minnesota Twins,Tampa Bay Rays,10,4
2026-04-03,824377,10,Philadelphia Phillies,Colorado Rockies,1,Philadelphia Phillies,Colorado Rockies,10,1
2026-04-03,823406,4,Baltimore Orioles,Pittsburgh Pirates,5,Pittsburgh Pirates,Baltimore Orioles,5,4
2026-04-03,824056,3,Seattle Mariners,Los Angeles Angels,1,Seattle Mariners,Los Angeles Angels,3,1
2026-04-03,825026,4,Houston Astros,Athletics,11,Athletics,Houston Astros,11,4
2026-04-03,825103,2,Atlanta Braves,Arizona Diamondbacks,0,Atlanta Braves,Arizona Diamondbacks,2,0
2026-04-03,823240,10,New York Mets,San Francisco Giants,3,New York Mets,San Francisco Giants,10,3
2026-04-04,824622,3,Toronto Blue Jays,Chicago White Sox,6,Chicago White Sox,Toronto Blue Jays,6,3
2026-04-04,824132,5,Milwaukee Brewers,Kansas City Royals,2,Milwaukee Brewers,Kansas City Royals,5,2
2026-04-04,824134,2,Milwaukee Brewers,Kansas City Royals,8,Kansas City Royals,Milwaukee Brewers,8,2
2026-04-04,822757,10,Los Angeles Dodgers,Washington Nationals,5,Los Angeles Dodgers,Washington Nationals,10,5
2026-04-04,825027,11,Houston Astros,Athletics,0,Houston Astros,Athletics,11,0
2026-04-04,823404,2,Baltimore Orioles,Pittsburgh Pirates,3,Pittsburgh Pirates,Baltimore Orioles,3,2
2026-04-04,824782,3,San Diego Padres,Boston Red Sox,2,San Diego Padres,Boston Red Sox,3,2
2026-04-04,822920,2,Cincinnati Reds,Texas Rangers,0,Cincinnati Reds,Texas Rangers,2,0
2026-04-04,823569,7,Miami Marlins,New York Yankees,9,New York Yankees,Miami Marlins,9,7
2026-04-04,823730,7,Tampa Bay Rays,Minnesota Twins,1,Tampa Bay Rays,Minnesota Twins,7,1
2026-04-04,825104,1,Atlanta Braves,Arizona Diamondbacks,2,Arizona Diamondbacks,Atlanta Braves,2,1
2026-04-04,824378,2,Philadelphia Phillies,Colorado Rockies,1,Philadelphia Phillies,Colorado Rockies,2,1
2026-04-04,823239,9,New York Mets,San Francisco Giants,0,New York Mets,San Francisco Giants,9,0
2026-04-04,824054,0,Seattle Mariners,Los Angeles Angels,1,Los Angeles Angels,Seattle Mariners,1,0
2026-04-05,824459,1,Chicago Cubs,Cleveland Guardians,0,Chicago Cubs,Cleveland Guardians,1,0
2026-04-05,824460,5,Chicago Cubs,Cleveland Guardians,6,Cleveland Guardians,Chicago Cubs,6,5
2026-04-05,822756,8,Los Angeles Dodgers,Washington Nationals,6,Los Angeles Dodgers,Washington Nationals,8,6
2026-04-05,823405,2,Baltimore Orioles,Pittsburgh Pirates,8,Pittsburgh Pirates,Baltimore Orioles,8,2
2026-04-05,824781,8,San Diego Padres,Boston Red Sox,6,San Diego Padres,Boston Red Sox,8,6
2026-04-05,823566,7,Miami Marlins,New York Yankees,6,Miami Marlins,New York Yankees,7,6
2026-04-05,823729,4,Tampa Bay Rays,Minnesota Twins,1,Tampa Bay Rays,Minnesota Twins,4,1
2026-04-05,824620,0,Toronto Blue Jays,Chicago White Sox,3,Chicago White Sox,Toronto Blue Jays,3,0
2026-04-05,824131,8,Milwaukee Brewers,Kansas City Royals,5,Milwaukee Brewers,Kansas City Royals,8,5
2026-04-05,822917,2,Cincinnati Reds,Texas Rangers,1,Cincinnati Reds,Texas Rangers,2,1
2026-04-05,824379,1,Philadelphia Phillies,Colorado Rockies,4,Colorado Rockies,Philadelphia Phillies,4,1
2026-04-05,825025,10,Houston Astros,Athletics,12,Athletics,Houston Astros,12,10
2026-04-05,823238,5,New York Mets,San Francisco Giants,2,New York Mets,San Francisco Giants,5,2
2026-04-05,824053,7,Seattle Mariners,Los Angeles Angels,8,Los Angeles Angels,Seattle Mariners,8,7
2026-04-05,825102,5,Atlanta Braves,Arizona Diamondbacks,6,Arizona Diamondbacks,Atlanta Braves,6,5
2026-04-05,824296,5,St. Louis Cardinals,Detroit Tigers,3,St. Louis Cardinals,Detroit Tigers,5,3
2026-04-06,823002,4,Chicago Cubs,Tampa Bay Rays,6,Tampa Bay Rays,Chicago Cubs,6,4
2026-04-06,824456,4,Kansas City Royals,Cleveland Guardians,2,Kansas City Royals,Cleveland Guardians,4,2
2026-04-06,823401,5,San Diego Padres,Pittsburgh Pirates,0,San Diego Padres,Pittsburgh Pirates,5,0
2026-04-06,823886,2,Cincinnati Reds,Miami Marlins,0,Cincinnati Reds,Miami Marlins,2,0
2026-04-06,822755,6,St. Louis Cardinals,Washington Nationals,9,Washington Nationals,St. Louis Cardinals,9,6
2026-04-06,824783,8,Milwaukee Brewers,Boston Red Sox,6,Milwaukee Brewers,Boston Red Sox,8,6
2026-04-06,822832,14,Los Angeles Dodgers,Toronto Blue Jays,2,Los Angeles Dodgers,Toronto Blue Jays,14,2
2026-04-06,823728,3,Detroit Tigers,Minnesota Twins,7,Minnesota Twins,Detroit Tigers,7,3
2026-04-06,824619,2,Baltimore Orioles,Chicago White Sox,1,Baltimore Orioles,Chicago White Sox,2,1
2026-04-06,822918,1,Seattle Mariners,Texas Rangers,2,Texas Rangers,Seattle Mariners,2,1
2026-04-06,824376,7,Houston Astros,Colorado Rockies,9,Colorado Rockies,Houston Astros,9,7
2026-04-06,824052,2,Atlanta Braves,Los Angeles Angels,6,Los Angeles Angels,Atlanta Braves,6,2
2026-04-06,823237,6,Philadelphia Phillies,San Francisco Giants,4,Philadelphia Phillies,San Francisco Giants,6,4
2026-04-07,824457,1,Kansas City Royals,Cleveland Guardians,2,Cleveland Guardians,Kansas City Royals,2,1
2026-04-07,824618,4,Baltimore Orioles,Chicago White Sox,2,Baltimore Orioles,Chicago White Sox,4,2
2026-04-07,823648,3,Arizona Diamondbacks,New York Mets,4,New York Mets,Arizona Diamondbacks,4,3
2026-04-07,823402,1,San Diego Padres,Pittsburgh Pirates,7,Pittsburgh Pirates,San Diego Padres,7,1
2026-04-07,822999,9,Chicago Cubs,Tampa Bay Rays,2,Chicago Cubs,Tampa Bay Rays,9,2
2026-04-07,823887,6,Cincinnati Reds,Miami Marlins,3,Cincinnati Reds,Miami Marlins,6,3
2026-04-07,822754,7,St. Louis Cardinals,Washington Nationals,6,St. Louis Cardinals,Washington Nationals,7,6
2026-04-07,824780,2,Milwaukee Brewers,Boston Red Sox,3,Boston Red Sox,Milwaukee Brewers,3,2
2026-04-07,823567,3,Athletics,New York Yankees,5,New York Yankees,Athletics,5,3
2026-04-07,822831,4,Los Angeles Dodgers,Toronto Blue Jays,1,Los Angeles Dodgers,Toronto Blue Jays,4,1
2026-04-07,823727,2,Detroit Tigers,Minnesota Twins,4,Minnesota Twins,Detroit Tigers,4,2
2026-04-07,822916,2,Seattle Mariners,Texas Rangers,3,Texas Rangers,Seattle Mariners,3,2
2026-04-07,824375,1,Houston Astros,Colorado Rockies,5,Colorado Rockies,Houston Astros,5,1
2026-04-07,824051,7,Atlanta Braves,Los Angeles Angels,2,Atlanta Braves,Los Angeles Angels,7,2
2026-04-07,823235,0,Philadelphia Phillies,San Francisco Giants,6,San Francisco Giants,Philadelphia Phillies,6,0
2026-04-08,823403,8,San Diego Padres,Pittsburgh Pirates,2,San Diego Padres,Pittsburgh Pirates,8,2
2026-04-08,824455,2,Kansas City Royals,Cleveland Guardians,10,Cleveland Guardians,Kansas City Royals,10,2
2026-04-08,824779,0,Milwaukee Brewers,Boston Red Sox,5,Boston Red Sox,Milwaukee Brewers,5,0
2026-04-08,824617,5,Baltimore Orioles,Chicago White Sox,3,Baltimore Orioles,Chicago White Sox,5,3
2026-04-08,822915,0,Seattle Mariners,Texas Rangers,3,Texas Rangers,Seattle Mariners,3,0
2026-04-08,822833,3,Los Angeles Dodgers,Toronto Blue Jays,4,Toronto Blue Jays,Los Angeles Dodgers,4,3
2026-04-08,824374,1,Houston Astros,Colorado Rockies,9,Colorado Rockies,Houston Astros,9,1
2026-04-08,823234,0,Philadelphia Phillies,San Francisco Giants,5,San Francisco Giants,Philadelphia Phillies,5,0
2026-04-08,822753,6,St. Louis Cardinals,Washington Nationals,1,St. Louis Cardinals,Washington Nationals,6,1
2026-04-08,824050,8,Atlanta Braves,Los Angeles Angels,2,Atlanta Braves,Los Angeles Angels,8,2
2026-04-08,823646,7,Arizona Diamondbacks,New York Mets,2,Arizona Diamondbacks,New York Mets,7,2
2026-04-08,823000,6,Chicago Cubs,Tampa Bay Rays,2,Chicago Cubs,Tampa Bay Rays,6,2
2026-04-08,823885,4,Cincinnati Reds,Miami Marlins,7,Miami Marlins,Cincinnati Reds,7,4
2026-04-08,823564,3,Athletics,New York Yankees,2,Athletics,New York Yankees,3,2
2026-04-08,823726,6,Detroit Tigers,Minnesota Twins,8,Minnesota Twins,Detroit Tigers,8,6
2026-04-09,823884,1,Cincinnati Reds,Miami Marlins,8,Miami Marlins,Cincinnati Reds,8,1
2026-04-09,823565,1,Athletics,New York Yankees,0,Athletics,New York Yankees,1,0
2026-04-09,823724,1,Detroit Tigers,Minnesota Twins,3,Minnesota Twins,Detroit Tigers,3,1
2026-04-09,823645,7,Arizona Diamondbacks,New York Mets,1,Arizona Diamondbacks,New York Mets,7,1
2026-04-09,824130,2,Chicago White Sox,Kansas City Royals,0,Chicago White Sox,Kansas City Royals,2,0
2026-04-09,823319,3,Colorado Rockies,San Diego Padres,7,San Diego Padres,Colorado Rockies,7,3
2026-04-10,824695,2,Pittsburgh Pirates,Chicago Cubs,0,Pittsburgh Pirates,Chicago Cubs,2,0
2026-04-10,823482,5,Arizona Diamondbacks,Philadelphia Phillies,4,Arizona Diamondbacks,Philadelphia Phillies,5,4
2026-04-10,824297,0,Miami Marlins,Detroit Tigers,2,Detroit Tigers,Miami Marlins,2,0
2026-04-10,824534,10,Los Angeles Angels,Cincinnati Reds,2,Los Angeles Angels,Cincinnati Reds,10,2
2026-04-10,822829,4,Minnesota Twins,Toronto Blue Jays,10,Toronto Blue Jays,Minnesota Twins,10,4
2026-04-10,823643,4,Athletics,New York Mets,0,Athletics,New York Mets,4,0
2026-04-10,822997,3,New York Yankees,Tampa Bay Rays,5,Tampa Bay Rays,New York Yankees,5,3
2026-04-10,824858,6,San Francisco Giants,Baltimore Orioles,3,San Francisco Giants,Baltimore Orioles,6,3
2026-04-10,824941,5,Cleveland Guardians,Atlanta Braves,11,Atlanta Braves,Cleveland Guardians,11,5
2026-04-10,824128,0,Chicago White Sox,Kansas City Royals,2,Kansas City Royals,Chicago White Sox,2,0
2026-04-10,823808,7,Washington Nationals,Milwaukee Brewers,3,Washington Nationals,Milwaukee Brewers,7,3
2026-04-10,823076,2,Boston Red Sox,St. Louis Cardinals,3,St. Louis Cardinals,Boston Red Sox,3,2
2026-04-10,823318,2,Colorado Rockies,San Diego Padres,5,San Diego Padres,Colorado Rockies,5,2
2026-04-10,823156,6,Houston Astros,Seattle Mariners,9,Seattle Mariners,Houston Astros,9,6
2026-04-10,823968,7,Texas Rangers,Los Angeles Dodgers,8,Los Angeles Dodgers,Texas Rangers,8,7
2026-04-11,823480,3,Arizona Diamondbacks,Philadelphia Phillies,4,Philadelphia Phillies,Arizona Diamondbacks,4,3
2026-04-11,824294,1,Miami Marlins,Detroit Tigers,6,Detroit Tigers,Miami Marlins,6,1
2026-04-11,824697,4,Pittsburgh Pirates,Chicago Cubs,3,Pittsburgh Pirates,Chicago Cubs,4,3
2026-04-11,822830,7,Minnesota Twins,Toronto Blue Jays,4,Minnesota Twins,Toronto Blue Jays,7,4
2026-04-11,824535,3,Los Angeles Angels,Cincinnati Reds,7,Cincinnati Reds,Los Angeles Angels,7,3
2026-04-11,823644,11,Athletics,New York Mets,6,Athletics,New York Mets,11,6
2026-04-11,824129,0,Chicago White Sox,Kansas City Royals,2,Kansas City Royals,Chicago White Sox,2,0
2026-04-11,822996,4,New York Yankees,Tampa Bay Rays,5,Tampa Bay Rays,New York Yankees,5,4
2026-04-11,823805,3,Washington Nationals,Milwaukee Brewers,1,Washington Nationals,Milwaukee Brewers,3,1
2026-04-11,824857,2,San Francisco Giants,Baltimore Orioles,6,Baltimore Orioles,San Francisco Giants,6,2
2026-04-11,823074,7,Boston Red Sox,St. Louis Cardinals,1,Boston Red Sox,St. Louis Cardinals,7,1
2026-04-11,824939,6,Cleveland Guardians,Atlanta Braves,0,Cleveland Guardians,Atlanta Braves,6,0
2026-04-11,823316,5,Colorado Rockies,San Diego Padres,9,San Diego Padres,Colorado Rockies,9,5
2026-04-11,823967,3,Texas Rangers,Los Angeles Dodgers,6,Los Angeles Dodgers,Texas Rangers,6,3
2026-04-11,823155,7,Houston Astros,Seattle Mariners,8,Seattle Mariners,Houston Astros,8,7
2026-04-12,824859,2,San Francisco Giants,Baltimore Orioles,6,Baltimore Orioles,San Francisco Giants,6,2
2026-04-12,823479,4,Arizona Diamondbacks,Philadelphia Phillies,3,Arizona Diamondbacks,Philadelphia Phillies,4,3
2026-04-12,822828,8,Minnesota Twins,Toronto Blue Jays,2,Minnesota Twins,Toronto Blue Jays,8,2
2026-04-12,824533,9,Los Angeles Angels,Cincinnati Reds,6,Los Angeles Angels,Cincinnati Reds,9,6
2026-04-12,823642,1,Athletics,New York Mets,0,Athletics,New York Mets,1,0
2026-04-12,824293,2,Miami Marlins,Detroit Tigers,8,Detroit Tigers,Miami Marlins,8,2
2026-04-12,822998,4,New York Yankees,Tampa Bay Rays,5,Tampa Bay Rays,New York Yankees,5,4
2026-04-12,824126,6,Chicago White Sox,Kansas City Royals,5,Chicago White Sox,Kansas City Royals,6,5
2026-04-12,823804,8,Washington Nationals,Milwaukee Brewers,6,Washington Nationals,Milwaukee Brewers,8,6
2026-04-12,823075,9,Boston Red Sox,St. Louis Cardinals,3,Boston Red Sox,St. Louis Cardinals,9,3
2026-04-12,824696,6,Pittsburgh Pirates,Chicago Cubs,7,Chicago Cubs,Pittsburgh Pirates,7,6
2026-04-12,823317,2,Colorado Rockies,San Diego Padres,7,San Diego Padres,Colorado Rockies,7,2
2026-04-12,823154,1,Houston Astros,Seattle Mariners,6,Seattle Mariners,Houston Astros,6,1
2026-04-12,823966,5,Texas Rangers,Los Angeles Dodgers,2,Texas Rangers,Los Angeles Dodgers,5,2
2026-04-12,824938,1,Cleveland Guardians,Atlanta Braves,13,Atlanta Braves,Cleveland Guardians,13,1
2026-04-13,823153,2,Houston Astros,Seattle Mariners,6,Seattle Mariners,Houston Astros,6,2
2026-04-13,824856,7,Arizona Diamondbacks,Baltimore Orioles,9,Baltimore Orioles,Arizona Diamondbacks,9,7
2026-04-13,823400,5,Washington Nationals,Pittsburgh Pirates,16,Pittsburgh Pirates,Washington Nationals,16,5
2026-04-13,823481,7,Chicago Cubs,Philadelphia Phillies,13,Philadelphia Phillies,Chicago Cubs,13,7
2026-04-13,823563,10,Los Angeles Angels,New York Yankees,11,New York Yankees,Los Angeles Angels,11,10
2026-04-13,824937,10,Miami Marlins,Atlanta Braves,4,Miami Marlins,Atlanta Braves,10,4
2026-04-13,823725,6,Boston Red Sox,Minnesota Twins,13,Minnesota Twins,Boston Red Sox,13,6
2026-04-13,823073,9,Cleveland Guardians,St. Louis Cardinals,3,Cleveland Guardians,St. Louis Cardinals,9,3
2026-04-13,825024,8,Texas Rangers,Athletics,1,Texas Rangers,Athletics,8,1
2026-04-13,823964,0,New York Mets,Los Angeles Dodgers,4,Los Angeles Dodgers,New York Mets,4,0
2026-04-14,824853,4,Arizona Diamondbacks,Baltimore Orioles,3,Arizona Diamondbacks,Baltimore Orioles,4,3
2026-04-14,824292,1,Kansas City Royals,Detroit Tigers,2,Detroit Tigers,Kansas City Royals,2,1
2026-04-14,823398,5,Washington Nationals,Pittsburgh Pirates,4,Washington Nationals,Pittsburgh Pirates,5,4
2026-04-14,824531,1,San Francisco Giants,Cincinnati Reds,2,Cincinnati Reds,San Francisco Giants,2,1
2026-04-14,823478,10,Chicago Cubs,Philadelphia Phillies,4,Chicago Cubs,Philadelphia Phillies,10,4
2026-04-14,823562,7,Los Angeles Angels,New York Yankees,1,Los Angeles Angels,New York Yankees,7,1
2026-04-14,824935,5,Miami Marlins,Atlanta Braves,6,Atlanta Braves,Miami Marlins,6,5
2026-04-14,823723,0,Boston Red Sox,Minnesota Twins,6,Minnesota Twins,Boston Red Sox,6,0
2026-04-14,824616,8,Tampa Bay Rays,Chicago White Sox,5,Tampa Bay Rays,Chicago White Sox,8,5
2026-04-14,823802,9,Toronto Blue Jays,Milwaukee Brewers,7,Toronto Blue Jays,Milwaukee Brewers,9,7
2026-04-14,823072,5,Cleveland Guardians,St. Louis Cardinals,6,St. Louis Cardinals,Cleveland Guardians,6,5
2026-04-14,824210,6,Colorado Rockies,Houston Astros,7,Houston Astros,Colorado Rockies,7,6
2026-04-14,823315,1,Seattle Mariners,San Diego Padres,4,San Diego Padres,Seattle Mariners,4,1
2026-04-14,825022,1,Texas Rangers,Athletics,2,Athletics,Texas Rangers,2,1
2026-04-14,823965,1,New York Mets,Los Angeles Dodgers,2,Los Angeles Dodgers,New York Mets,2,1
2026-04-15,824855,8,Arizona Diamondbacks,Baltimore Orioles,5,Arizona Diamondbacks,Baltimore Orioles,8,5
2026-04-15,823071,3,Cleveland Guardians,St. Louis Cardinals,5,St. Louis Cardinals,Cleveland Guardians,5,3
2026-04-15,823722,9,Boston Red Sox,Minnesota Twins,5,Boston Red Sox,Minnesota Twins,9,5
2026-04-15,824291,1,Kansas City Royals,Detroit Tigers,2,Detroit Tigers,Kansas City Royals,2,1
2026-04-15,823399,0,Washington Nationals,Pittsburgh Pirates,2,Pittsburgh Pirates,Washington Nationals,2,0
2026-04-15,824532,3,San Francisco Giants,Cincinnati Reds,8,Cincinnati Reds,San Francisco Giants,8,3
2026-04-15,823477,11,Chicago Cubs,Philadelphia Phillies,2,Chicago Cubs,Philadelphia Phillies,11,2
2026-04-15,823561,4,Los Angeles Angels,New York Yankees,5,New York Yankees,Los Angeles Angels,5,4
2026-04-15,824936,3,Miami Marlins,Atlanta Braves,6,Atlanta Braves,Miami Marlins,6,3
2026-04-15,824615,8,Tampa Bay Rays,Chicago White Sox,3,Tampa Bay Rays,Chicago White Sox,8,3
2026-04-15,823803,1,Toronto Blue Jays,Milwaukee Brewers,2,Milwaukee Brewers,Toronto Blue Jays,2,1
2026-04-15,824209,1,Colorado Rockies,Houston Astros,3,Houston Astros,Colorado Rockies,3,1
2026-04-15,823314,6,Seattle Mariners,San Diego Padres,7,San Diego Padres,Seattle Mariners,7,6
2026-04-15,825021,5,Texas Rangers,Athletics,6,Athletics,Texas Rangers,6,5
2026-04-15,823963,2,New York Mets,Los Angeles Dodgers,8,Los Angeles Dodgers,New York Mets,8,2
2026-04-16,823396,8,Washington Nationals,Pittsburgh Pirates,7,Washington Nationals,Pittsburgh Pirates,8,7
2026-04-16,824530,3,San Francisco Giants,Cincinnati Reds,0,San Francisco Giants,Cincinnati Reds,3,0
2026-04-16,824289,9,Kansas City Royals,Detroit Tigers,10,Detroit Tigers,Kansas City Royals,10,9
2026-04-16,823560,11,Los Angeles Angels,New York Yankees,4,Los Angeles Angels,New York Yankees,11,4
2026-04-16,823801,1,Toronto Blue Jays,Milwaukee Brewers,2,Milwaukee Brewers,Toronto Blue Jays,2,1
2026-04-16,824614,5,Tampa Bay Rays,Chicago White Sox,3,Tampa Bay Rays,Chicago White Sox,5,3
2026-04-16,825023,9,Texas Rangers,Athletics,6,Texas Rangers,Athletics,9,6
2026-04-16,824453,2,Baltimore Orioles,Cleveland Guardians,4,Cleveland Guardians,Baltimore Orioles,4,2
2026-04-16,824208,3,Colorado Rockies,Houston Astros,2,Colorado Rockies,Houston Astros,3,2
2026-04-16,823313,2,Seattle Mariners,San Diego Padres,5,San Diego Padres,Seattle Mariners,5,2
2026-04-17,824693,4,New York Mets,Chicago Cubs,12,Chicago Cubs,New York Mets,12,4
2026-04-17,824454,6,Baltimore Orioles,Cleveland Guardians,4,Baltimore Orioles,Cleveland Guardians,6,4
2026-04-17,823476,9,Atlanta Braves,Philadelphia Phillies,0,Atlanta Braves,Philadelphia Phillies,9,0
2026-04-17,822752,10,San Francisco Giants,Washington Nationals,5,San Francisco Giants,Washington Nationals,10,5
2026-04-17,823397,1,Tampa Bay Rays,Pittsburgh Pirates,5,Pittsburgh Pirates,Tampa Bay Rays,5,1
2026-04-17,823559,2,Kansas City Royals,New York Yankees,4,New York Yankees,Kansas City Royals,4,2
2026-04-17,823883,7,Milwaukee Brewers,Miami Marlins,5,Milwaukee Brewers,Miami Marlins,7,5
2026-04-17,824778,0,Detroit Tigers,Boston Red Sox,1,Boston Red Sox,Detroit Tigers,1,0
2026-04-17,824207,9,St. Louis Cardinals,Houston Astros,4,St. Louis Cardinals,Houston Astros,9,4
2026-04-17,823720,2,Cincinnati Reds,Minnesota Twins,1,Cincinnati Reds,Minnesota Twins,2,1
2026-04-17,824373,7,Los Angeles Dodgers,Colorado Rockies,1,Los Angeles Dodgers,Colorado Rockies,7,1
2026-04-17,824048,0,San Diego Padres,Los Angeles Angels,8,Los Angeles Angels,San Diego Padres,8,0
2026-04-17,823152,5,Texas Rangers,Seattle Mariners,0,Texas Rangers,Seattle Mariners,5,0
2026-04-17,825101,3,Toronto Blue Jays,Arizona Diamondbacks,6,Arizona Diamondbacks,Toronto Blue Jays,6,3
2026-04-17,825019,9,Chicago White Sox,Athletics,2,Chicago White Sox,Athletics,9,2
2026-04-18,823558,4,Kansas City Royals,New York Yankees,13,New York Yankees,Kansas City Royals,13,4
2026-04-18,823721,5,Cincinnati Reds,Minnesota Twins,4,Cincinnati Reds,Minnesota Twins,5,4
2026-04-18,824694,2,New York Mets,Chicago Cubs,4,Chicago Cubs,New York Mets,4,2
2026-04-18,823394,8,Tampa Bay Rays,Pittsburgh Pirates,7,Tampa Bay Rays,Pittsburgh Pirates,8,7
2026-04-18,822751,7,San Francisco Giants,Washington Nationals,6,San Francisco Giants,Washington Nationals,7,6
2026-04-18,825020,6,Chicago White Sox,Athletics,7,Athletics,Chicago White Sox,7,6
2026-04-18,824775,4,Detroit Tigers,Boston Red Sox,1,Detroit Tigers,Boston Red Sox,4,1
2026-04-18,823882,5,Milwaukee Brewers,Miami Marlins,2,Milwaukee Brewers,Miami Marlins,5,2
2026-04-18,824451,2,Baltimore Orioles,Cleveland Guardians,4,Cleveland Guardians,Baltimore Orioles,4,2
2026-04-18,824206,7,St. Louis Cardinals,Houston Astros,5,St. Louis Cardinals,Houston Astros,7,5
2026-04-18,823151,3,Texas Rangers,Seattle Mariners,7,Seattle Mariners,Texas Rangers,7,3
2026-04-18,823474,3,Atlanta Braves,Philadelphia Phillies,1,Atlanta Braves,Philadelphia Phillies,3,1
2026-04-18,824372,3,Los Angeles Dodgers,Colorado Rockies,4,Colorado Rockies,Los Angeles Dodgers,4,3
2026-04-18,825098,2,Toronto Blue Jays,Arizona Diamondbacks,6,Arizona Diamondbacks,Toronto Blue Jays,6,2
2026-04-18,824049,4,San Diego Padres,Los Angeles Angels,1,San Diego Padres,Los Angeles Angels,4,1
2026-04-19,822750,0,San Francisco Giants,Washington Nationals,3,Washington Nationals,San Francisco Giants,3,0
2026-04-19,823393,3,Tampa Bay Rays,Pittsburgh Pirates,6,Pittsburgh Pirates,Tampa Bay Rays,6,3
2026-04-19,823556,0,Kansas City Royals,New York Yankees,7,New York Yankees,Kansas City Royals,7,0
2026-04-19,824452,4,Baltimore Orioles,Cleveland Guardians,8,Cleveland Guardians,Baltimore Orioles,8,4
2026-04-19,823881,3,Milwaukee Brewers,Miami Marlins,5,Miami Marlins,Milwaukee Brewers,5,3
2026-04-19,824205,7,St. Louis Cardinals,Houston Astros,5,St. Louis Cardinals,Houston Astros,7,5
2026-04-19,823718,7,Cincinnati Reds,Minnesota Twins,4,Cincinnati Reds,Minnesota Twins,7,4
2026-04-19,824691,1,New York Mets,Chicago Cubs,2,Chicago Cubs,New York Mets,2,1
2026-04-19,824371,6,Los Angeles Dodgers,Colorado Rockies,9,Colorado Rockies,Los Angeles Dodgers,9,6
2026-04-19,825018,7,Chicago White Sox,Athletics,4,Chicago White Sox,Athletics,7,4
2026-04-19,824047,2,San Diego Padres,Los Angeles Angels,1,San Diego Padres,Los Angeles Angels,2,1
2026-04-19,823150,2,Texas Rangers,Seattle Mariners,5,Seattle Mariners,Texas Rangers,5,2
2026-04-19,825100,10,Toronto Blue Jays,Arizona Diamondbacks,4,Toronto Blue Jays,Arizona Diamondbacks,10,4
2026-04-19,824777,6,Detroit Tigers,Boston Red Sox,2,Detroit Tigers,Boston Red Sox,6,2
2026-04-19,823475,4,Atlanta Braves,Philadelphia Phillies,2,Atlanta Braves,Philadelphia Phillies,4,2
2026-04-20,824776,6,Detroit Tigers,Boston Red Sox,8,Boston Red Sox,Detroit Tigers,8,6
2026-04-20,824450,9,Houston Astros,Cleveland Guardians,2,Houston Astros,Cleveland Guardians,9,2
2026-04-20,822994,6,Cincinnati Reds,Tampa Bay Rays,1,Cincinnati Reds,Tampa Bay Rays,6,1
2026-04-20,823879,3,St. Louis Cardinals,Miami Marlins,5,Miami Marlins,St. Louis Cardinals,5,3
2026-04-20,822749,9,Atlanta Braves,Washington Nationals,4,Atlanta Braves,Washington Nationals,9,4
2026-04-20,824125,7,Baltimore Orioles,Kansas City Royals,5,Baltimore Orioles,Kansas City Royals,7,5
2026-04-20,824692,1,Philadelphia Phillies,Chicago Cubs,5,Chicago Cubs,Philadelphia Phillies,5,1
2026-04-20,824370,12,Los Angeles Dodgers,Colorado Rockies,3,Los Angeles Dodgers,Colorado Rockies,12,3
2026-04-20,824046,5,Toronto Blue Jays,Los Angeles Angels,2,Toronto Blue Jays,Los Angeles Angels,5,2
2026-04-20,823149,6,Athletics,Seattle Mariners,4,Athletics,Seattle Mariners,6,4
2026-04-21,824448,5,Houston Astros,Cleveland Guardians,8,Cleveland Guardians,Houston Astros,8,5
2026-04-21,822995,12,Cincinnati Reds,Tampa Bay Rays,6,Cincinnati Reds,Tampa Bay Rays,12,6
2026-04-21,823880,5,St. Louis Cardinals,Miami Marlins,3,St. Louis Cardinals,Miami Marlins,5,3
2026-04-21,824290,12,Milwaukee Brewers,Detroit Tigers,4,Milwaukee Brewers,Detroit Tigers,12,4
2026-04-21,822747,4,Atlanta Braves,Washington Nationals,11,Washington Nationals,Atlanta Braves,11,4
2026-04-21,824773,4,New York Yankees,Boston Red Sox,0,New York Yankees,Boston Red Sox,4,0
2026-04-21,823640,5,Minnesota Twins,New York Mets,3,Minnesota Twins,New York Mets,5,3
2026-04-21,824127,5,Baltimore Orioles,Kansas City Royals,6,Kansas City Royals,Baltimore Orioles,6,5
2026-04-21,824690,4,Philadelphia Phillies,Chicago Cubs,7,Chicago Cubs,Philadelphia Phillies,7,4
2026-04-21,822914,1,Pittsburgh Pirates,Texas Rangers,5,Texas Rangers,Pittsburgh Pirates,5,1
2026-04-21,824369,1,San Diego Padres,Colorado Rockies,0,San Diego Padres,Colorado Rockies,1,0
2026-04-21,824045,4,Toronto Blue Jays,Los Angeles Angels,2,Toronto Blue Jays,Los Angeles Angels,4,2
2026-04-21,823148,5,Athletics,Seattle Mariners,2,Athletics,Seattle Mariners,5,2
2026-04-21,825099,11,Chicago White Sox,Arizona Diamondbacks,5,Chicago White Sox,Arizona Diamondbacks,11,5
2026-04-21,823236,1,Los Angeles Dodgers,San Francisco Giants,3,San Francisco Giants,Los Angeles Dodgers,3,1
2026-04-22,823878,1,St. Louis Cardinals,Miami Marlins,4,Miami Marlins,St. Louis Cardinals,4,1
2026-04-22,824449,2,Houston Astros,Cleveland Guardians,0,Houston Astros,Cleveland Guardians,2,0
2026-04-22,822993,1,Cincinnati Reds,Tampa Bay Rays,6,Tampa Bay Rays,Cincinnati Reds,6,1
2026-04-22,824123,8,Baltimore Orioles,Kansas City Royals,6,Baltimore Orioles,Kansas City Royals,8,6
2026-04-22,824044,3,Toronto Blue Jays,Los Angeles Angels,7,Los Angeles Angels,Toronto Blue Jays,7,3
2026-04-22,823147,4,Athletics,Seattle Mariners,5,Seattle Mariners,Athletics,5,4
2026-04-22,824286,2,Milwaukee Brewers,Detroit Tigers,5,Detroit Tigers,Milwaukee Brewers,5,2
2026-04-22,822748,8,Atlanta Braves,Washington Nationals,6,Atlanta Braves,Washington Nationals,8,6
2026-04-22,824774,4,New York Yankees,Boston Red Sox,1,New York Yankees,Boston Red Sox,4,1
2026-04-22,823641,2,Minnesota Twins,New York Mets,3,New York Mets,Minnesota Twins,3,2
2026-04-22,824688,2,Philadelphia Phillies,Chicago Cubs,7,Chicago Cubs,Philadelphia Phillies,7,2
2026-04-22,822913,8,Pittsburgh Pirates,Texas Rangers,4,Pittsburgh Pirates,Texas Rangers,8,4
2026-04-22,824367,3,San Diego Padres,Colorado Rockies,8,Colorado Rockies,San Diego Padres,8,3
2026-04-22,825097,7,Chicago White Sox,Arizona Diamondbacks,11,Arizona Diamondbacks,Chicago White Sox,11,7
2026-04-22,823231,0,Los Angeles Dodgers,San Francisco Giants,3,San Francisco Giants,Los Angeles Dodgers,3,0
2026-04-23,822745,7,Atlanta Braves,Washington Nationals,2,Atlanta Braves,Washington Nationals,7,2
2026-04-23,824288,4,Milwaukee Brewers,Detroit Tigers,5,Detroit Tigers,Milwaukee Brewers,5,4
2026-04-23,824689,7,Philadelphia Phillies,Chicago Cubs,8,Chicago Cubs,Philadelphia Phillies,8,7
2026-04-23,824368,10,San Diego Padres,Colorado Rockies,8,San Diego Padres,Colorado Rockies,10,8
2026-04-23,825096,4,Chicago White Sox,Arizona Diamondbacks,1,Chicago White Sox,Arizona Diamondbacks,4,1
2026-04-23,823233,3,Los Angeles Dodgers,San Francisco Giants,0,Los Angeles Dodgers,San Francisco Giants,3,0
2026-04-23,824770,4,New York Yankees,Boston Red Sox,2,New York Yankees,Boston Red Sox,4,2
2026-04-23,823639,8,Minnesota Twins,New York Mets,10,New York Mets,Minnesota Twins,10,8
2026-04-23,822912,1,Pittsburgh Pirates,Texas Rangers,6,Texas Rangers,Pittsburgh Pirates,6,1
2026-04-24,824529,8,Detroit Tigers,Cincinnati Reds,9,Cincinnati Reds,Detroit Tigers,9,8
2026-04-24,824854,3,Boston Red Sox,Baltimore Orioles,10,Baltimore Orioles,Boston Red Sox,10,3
2026-04-24,822827,8,Cleveland Guardians,Toronto Blue Jays,6,Cleveland Guardians,Toronto Blue Jays,8,6
2026-04-24,823638,4,Colorado Rockies,New York Mets,3,Colorado Rockies,New York Mets,4,3
2026-04-24,822992,2,Minnesota Twins,Tampa Bay Rays,6,Tampa Bay Rays,Minnesota Twins,6,2
2026-04-24,824932,3,Philadelphia Phillies,Atlanta Braves,5,Atlanta Braves,Philadelphia Phillies,5,3
2026-04-24,824124,3,Los Angeles Angels,Kansas City Royals,6,Kansas City Royals,Los Angeles Angels,6,3
2026-04-24,824611,4,Washington Nationals,Chicago White Sox,5,Chicago White Sox,Washington Nationals,5,4
2026-04-24,823800,6,Pittsburgh Pirates,Milwaukee Brewers,0,Pittsburgh Pirates,Milwaukee Brewers,6,0
2026-04-24,822909,8,Athletics,Texas Rangers,1,Athletics,Texas Rangers,8,1
2026-04-24,824204,12,New York Yankees,Houston Astros,4,New York Yankees,Houston Astros,12,4
2026-04-24,823069,3,Seattle Mariners,St. Louis Cardinals,2,Seattle Mariners,St. Louis Cardinals,3,2
2026-04-24,823962,6,Chicago Cubs,Los Angeles Dodgers,4,Chicago Cubs,Los Angeles Dodgers,6,4
2026-04-24,823232,9,Miami Marlins,San Francisco Giants,4,Miami Marlins,San Francisco Giants,9,4
2026-04-25,824851,17,Boston Red Sox,Baltimore Orioles,1,Boston Red Sox,Baltimore Orioles,17,1
2026-04-25,823070,11,Seattle Mariners,St. Louis Cardinals,9,Seattle Mariners,St. Louis Cardinals,11,9
2026-04-25,822826,3,Cleveland Guardians,Toronto Blue Jays,5,Toronto Blue Jays,Cleveland Guardians,5,3
2026-04-25,823229,2,Miami Marlins,San Francisco Giants,6,San Francisco Giants,Miami Marlins,6,2
2026-04-25,822989,1,Minnesota Twins,Tampa Bay Rays,6,Tampa Bay Rays,Minnesota Twins,6,1
2026-04-25,824613,6,Washington Nationals,Chicago White Sox,3,Washington Nationals,Chicago White Sox,6,3
2026-04-25,825093,6,San Diego Padres,Arizona Diamondbacks,4,San Diego Padres,Arizona Diamondbacks,6,4
2026-04-25,822910,3,Athletics,Texas Rangers,4,Texas Rangers,Athletics,4,3
2026-04-25,824121,1,Los Angeles Angels,Kansas City Royals,12,Kansas City Royals,Los Angeles Angels,12,1
2026-04-25,824203,8,New York Yankees,Houston Astros,3,New York Yankees,Houston Astros,8,3
2026-04-25,823799,6,Pittsburgh Pirates,Milwaukee Brewers,3,Pittsburgh Pirates,Milwaukee Brewers,6,3
2026-04-25,824527,2,Detroit Tigers,Cincinnati Reds,9,Cincinnati Reds,Detroit Tigers,9,2
2026-04-25,823960,4,Chicago Cubs,Los Angeles Dodgers,12,Los Angeles Dodgers,Chicago Cubs,12,4
2026-04-25,824933,8,Philadelphia Phillies,Atlanta Braves,5,Philadelphia Phillies,Atlanta Braves,8,5
2026-04-26,824852,5,Boston Red Sox,Baltimore Orioles,3,Boston Red Sox,Baltimore Orioles,5,3
2026-04-26,824934,2,Philadelphia Phillies,Atlanta Braves,6,Atlanta Braves,Philadelphia Phillies,6,2
2026-04-26,822824,2,Cleveland Guardians,Toronto Blue Jays,4,Toronto Blue Jays,Cleveland Guardians,4,2
2026-04-26,824528,8,Detroit Tigers,Cincinnati Reds,3,Detroit Tigers,Cincinnati Reds,8,3
2026-04-26,823635,3,Colorado Rockies,New York Mets,1,Colorado Rockies,New York Mets,3,1
2026-04-26,823637,3,Colorado Rockies,New York Mets,0,Colorado Rockies,New York Mets,3,0
2026-04-26,822991,2,Minnesota Twins,Tampa Bay Rays,4,Tampa Bay Rays,Minnesota Twins,4,2
2026-04-26,824612,2,Washington Nationals,Chicago White Sox,1,Washington Nationals,Chicago White Sox,2,1
2026-04-26,824202,4,New York Yankees,Houston Astros,7,Houston Astros,New York Yankees,7,4
2026-04-26,823797,0,Pittsburgh Pirates,Milwaukee Brewers,5,Milwaukee Brewers,Pittsburgh Pirates,5,0
2026-04-26,823068,3,Seattle Mariners,St. Louis Cardinals,2,Seattle Mariners,St. Louis Cardinals,3,2
2026-04-26,822911,2,Athletics,Texas Rangers,1,Athletics,Texas Rangers,2,1
2026-04-26,825094,7,San Diego Padres,Arizona Diamondbacks,12,Arizona Diamondbacks,San Diego Padres,12,7
2026-04-26,823230,3,Miami Marlins,San Francisco Giants,6,San Francisco Giants,Miami Marlins,6,3
2026-04-26,824122,9,Los Angeles Angels,Kansas City Royals,11,Kansas City Royals,Los Angeles Angels,11,9
2026-04-26,823959,0,Chicago Cubs,Los Angeles Dodgers,6,Los Angeles Dodgers,Chicago Cubs,6,0
2026-04-27,824446,3,Tampa Bay Rays,Cleveland Guardians,2,Tampa Bay Rays,Cleveland Guardians,3,2
2026-04-27,823395,4,St. Louis Cardinals,Pittsburgh Pirates,2,St. Louis Cardinals,Pittsburgh Pirates,4,2
2026-04-27,822825,5,Boston Red Sox,Toronto Blue Jays,0,Boston Red Sox,Toronto Blue Jays,5,0
2026-04-27,823719,4,Seattle Mariners,Minnesota Twins,11,Minnesota Twins,Seattle Mariners,11,4
2026-04-27,824609,7,Los Angeles Angels,Chicago White Sox,8,Chicago White Sox,Los Angeles Angels,8,7
2026-04-27,822906,4,New York Yankees,Texas Rangers,2,New York Yankees,Texas Rangers,4,2
2026-04-27,823311,7,Chicago Cubs,San Diego Padres,9,San Diego Padres,Chicago Cubs,9,7
2026-04-27,823961,4,Miami Marlins,Los Angeles Dodgers,5,Los Angeles Dodgers,Miami Marlins,5,4
2026-04-28,824447,1,Tampa Bay Rays,Cleveland Guardians,0,Tampa Bay Rays,Cleveland Guardians,1,0
2026-04-28,824849,3,Houston Astros,Baltimore Orioles,5,Baltimore Orioles,Houston Astros,5,3
2026-04-28,824526,2,Colorado Rockies,Cincinnati Reds,7,Cincinnati Reds,Colorado Rockies,7,2
2026-04-28,823390,11,St. Louis Cardinals,Pittsburgh Pirates,7,St. Louis Cardinals,Pittsburgh Pirates,11,7
2026-04-28,823473,0,San Francisco Giants,Philadelphia Phillies,7,Philadelphia Phillies,San Francisco Giants,7,0
2026-04-28,822823,0,Boston Red Sox,Toronto Blue Jays,3,Toronto Blue Jays,Boston Red Sox,3,0
2026-04-28,823636,0,Washington Nationals,New York Mets,8,New York Mets,Washington Nationals,8,0
2026-04-28,824931,2,Detroit Tigers,Atlanta Braves,5,Atlanta Braves,Detroit Tigers,5,2
2026-04-28,823716,7,Seattle Mariners,Minnesota Twins,1,Seattle Mariners,Minnesota Twins,7,1
2026-04-28,824610,2,Los Angeles Angels,Chicago White Sox,5,Chicago White Sox,Los Angeles Angels,5,2
2026-04-28,823798,2,Arizona Diamondbacks,Milwaukee Brewers,13,Milwaukee Brewers,Arizona Diamondbacks,13,2
2026-04-28,822908,3,New York Yankees,Texas Rangers,2,New York Yankees,Texas Rangers,3,2
2026-04-28,825017,4,Kansas City Royals,Athletics,1,Kansas City Royals,Athletics,4,1
2026-04-28,823310,8,Chicago Cubs,San Diego Padres,3,Chicago Cubs,San Diego Padres,8,3
2026-04-28,823956,2,Miami Marlins,Los Angeles Dodgers,1,Miami Marlins,Los Angeles Dodgers,2,1
2026-04-29,824445,1,Tampa Bay Rays,Cleveland Guardians,3,Cleveland Guardians,Tampa Bay Rays,3,1
2026-04-29,824608,2,Los Angeles Angels,Chicago White Sox,3,Chicago White Sox,Los Angeles Angels,3,2
2026-04-29,823717,5,Seattle Mariners,Minnesota Twins,3,Seattle Mariners,Minnesota Twins,5,3
2026-04-29,822907,0,New York Yankees,Texas Rangers,3,Texas Rangers,New York Yankees,3,0
2026-04-29,822821,1,Boston Red Sox,Toronto Blue Jays,8,Toronto Blue Jays,Boston Red Sox,8,1
2026-04-29,823958,3,Miami Marlins,Los Angeles Dodgers,2,Miami Marlins,Los Angeles Dodgers,3,2
2026-04-29,823312,5,Chicago Cubs,San Diego Padres,4,Chicago Cubs,San Diego Padres,5,4
2026-04-29,824525,13,Colorado Rockies,Cincinnati Reds,2,Colorado Rockies,Cincinnati Reds,13,2
2026-04-29,823392,5,St. Louis Cardinals,Pittsburgh Pirates,4,St. Louis Cardinals,Pittsburgh Pirates,5,4
2026-04-29,823633,14,Washington Nationals,New York Mets,2,Washington Nationals,New York Mets,14,2
2026-04-29,824930,3,Detroit Tigers,Atlanta Braves,4,Atlanta Braves,Detroit Tigers,4,3
2026-04-29,823796,6,Arizona Diamondbacks,Milwaukee Brewers,2,Arizona Diamondbacks,Milwaukee Brewers,6,2
2026-04-29,825015,2,Kansas City Royals,Athletics,5,Athletics,Kansas City Royals,5,2
